{
    "depthInBase": [
        0.35430414997587173,
        0.1957132814893931,
        1.0872309432039695,
        0.0010299055951613675,
        0.014416263892902797,
        0.9998712075739629,
        0.006977026187477477
    ],
    "depthToCloud_offset": {
    },
    "is_eye_in_hand": false,
    "modify_time": "2024-04-12T15:16:18",
    "segment_params": {
        "image_size": [
            1920,
            1200
        ],
        "layer_ini_depth": 1.3,
        "layer_interval": 0.2,
        "region_size": [
            3,
            3
        ]
    },
    "version": "1.8.2"
}
