{
    "camera_id": "KEC0523CA413E016",
    "intrinsic_2d_camera": {
        "dist_coefficients": [
            0,
            0,
            0,
            0,
            0
        ],
        "intrinsic": [
            2443.488278800741,
            2443.238309813343,
            931.9557187377284,
            614.420039316764
        ]
    },
    "intrinsic_3d_camera": {
        "dist_coefficients": [
            0,
            0,
            0,
            0,
            0
        ],
        "intrinsic": [
            2443.488278800741,
            2443.238309813343,
            931.9557187377284,
            614.420039316764
        ]
    },
    "intrinsic_cam3d_in_cam2d": [
        0,
        0,
        0,
        1,
        0,
        0,
        0
    ],
    "intrinsic_cam3d_pose_in_main": [
        0,
        0,
        0,
        1,
        0,
        0,
        0
    ],
    "modify_time": "2024-04-12T14:49:46"
}
